id;account_id;field_1;field_2;field_3;field_4;field_5
1;12233;Analyst input;backing up Brand Roads;Stream;Codes specifically reserved for testing purposes bypass neural;Delaware Vermont
2;95978;Maryland primary;infrastructure programming Awesome;Berkshire;Generic;Fresh
3;54502;collaboration;schemas virtual;generating COM;payment;Pizza Soft
4;30808;Director;backing up Mission;AGP multi-byte;Falls Tasty Plastic Keyboard;clicks-and-mortar Car
5;40999;moderator;Handmade Metal Sausages;Home Loan Account withdrawal;Awesome solid state Algeria;Checking Account
6;50839;RAM Technician Kids;bluetooth;time-frame initiatives Quality-focused;invoice Intelligent Granite Fish;Idaho
7;75556;Quality;SCSI Home Loan Account Senior;Cambridgeshire;Wooden;Switchable Pine
8;15929;national;Regional;Burgs;green multi-byte optimize;reinvent world-class
9;31621;Programmable Practical Rubber Soap Concrete;Lead Square Georgia;Kids District cross-platform;Moldovan Leu Chair Savings Account;Libyan Dinar Small Metal Pizza Jordanian Dinar
10;75259;Ball applications synergize;application Idaho visionary;Tasty Wooden Fish mint green open-source;ivory;Lebanon Practical Rubber Bacon Automotive
