id;name;bloomberg_ticker;currency_quotation;isin;market
1;Dynamic;Track Saint Pierre and Miquelon mint green;Bedfordshire Automotive Accounts;contextually-based;generate demand-driven Dynamic
2;SQL;Refined;Quality-focused;Investor;Liberian Dollar
3;pixel Brazil;Cambridgeshire action-items;copying Ohio Home;Knoll value-added;card
4;haptic;Computers Avon monitor;task-force;teal parsing;connect ability contextually-based
5;Danish Krone moratorium Bike;Agent Circle;superstructure virtual;compelling transmitting;payment invoice orange
6;neural Angola;facilitate XML;Grocery;Auto Loan Account;web services convergence
7;Hat Global;TCP;Danish Krone payment;bypassing rich;Chair Grenada interfaces
8;Metal Tennessee;back up Optional integrated;hard drive Surinam Dollar;Paraguay Berkshire Alaska;RSS index
9;Zimbabwe;Team-oriented Producer virtual;Architect leverage District;infomediaries;Avon
10;Bedfordshire bi-directional Falkland Islands Pound;Communications Louisiana system;robust Delaware non-volatile;Home Shoes Forward;sticky Customer
